"Number","File","Source","Result","Count"
"1","001-hn__bedrock.png","data/hn/recipe/bedrock.json","minecraft:bedrock","8"
"2","002-hn__budding_amethyst.png","data/hn/recipe/budding_amethyst.json","minecraft:budding_amethyst","4"
"3","003-hn__command_block.png","data/hn/recipe/command_block.json","minecraft:command_block","4"
"4","004-hn__end_portal_frame.png","data/hn/recipe/end_portal_frame.json","minecraft:end_portal_frame","6"
"5","005-hn__piglin_spawn_egg.png","data/hn/recipe/piglin_spawn_egg.json","minecraft:piglin_spawn_egg","1"
"6","006-hn__pillager_spawn_egg.png","data/hn/recipe/pillager_spawn_egg.json","minecraft:pillager_spawn_egg","1"
"7","007-hn__reinforced_deepslate.png","data/hn/recipe/reinforced_deepslate.json","minecraft:reinforced_deepslate","2"
"8","008-hn__shulker_spawn_egg.png","data/hn/recipe/shulker_spawn_egg.json","minecraft:shulker_spawn_egg","1"
"9","009-hn__villager_spawn_egg.png","data/hn/recipe/villager_spawn_egg.json","minecraft:villager_spawn_egg","1"
